latitude,longitude,elevation
52.883134,-118.078303,1058.6
52.883126,-118.078307,1058.6
52.883116,-118.078302,1058.6
52.883105,-118.078298,1058.6
52.883095,-118.078293,1058.6
52.883084,-118.078288,1058.6
52.883068,-118.07833,1058.6
52.883059,-118.078341,1058.6
52.883044,-118.078341,1058.6
52.883036,-118.078326,1058.6
52.883026,-118.078328,1058.6
52.883017,-118.078328,1058.6
52.883006,-118.078333,1058.6
52.882996,-118.078346,1058.6
52.882982,-118.07836,1058.6
52.882969,-118.078362,1058.7
52.882949,-118.078373,1058.7
52.882941,-118.078378,1058.7
52.882934,-118.078383,1058.7
52.882933,-118.078367,1058.7
52.882918,-118.078373,1058.7
52.882908,-118.078387,1058.7
52.882903,-118.078365,1058.7
52.882884,-118.07838,1058.7
52.882874,-118.078391,1058.7
52.882865,-118.078402,1058.7
52.88285,-118.078395,1058.7
52.882831,-118.078409,1058.7
52.882808,-118.078398,1058.7
52.882804,-118.078386,1058.7
52.882799,-118.078374,1058.7
52.882785,-118.078374,1058.7
52.88278,-118.078386,1058.7
52.882771,-118.078382,1058.7
52.882764,-118.07843,1058.8
52.882758,-118.078427,1058.8
52.882744,-118.078453,1058.8
52.882737,-118.078462,1058.8
52.882718,-118.078495,1058.8
52.88271,-118.078503,1058.8
52.882705,-118.078491,1058.8
52.882687,-118.078492,1058.8
52.882664,-118.078509,1058.8
52.882655,-118.078524,1058.8
52.882648,-118.07851,1058.8
52.882641,-118.078498,1058.8
52.88264,-118.0785,1058.8
52.882622,-118.078501,1058.8
52.882602,-118.078502,1058.8
52.882593,-118.078504,1058.8
52.882583,-118.078506,1058.8
52.882568,-118.078511,1058.8
52.882551,-118.078519,1058.8
52.882544,-118.078507,1058.8
52.882533,-118.078508,1058.8
52.882524,-118.078511,1058.8
52.882514,-118.078519,1058.8
52.882503,-118.078532,1058.8
52.882493,-118.078534,1058.8
52.882469,-118.07856,1058.7
52.88246,-118.07856,1058.7
52.882441,-118.078566,1058.7
52.882422,-118.078567,1058.7
52.882413,-118.078569,1058.7
52.882403,-118.078572,1058.7
52.882391,-118.078577,1058.7
52.882379,-118.078577,1058.7
52.882374,-118.078581,1058.7
52.882353,-118.078587,1058.7
52.88234,-118.078596,1058.7
52.882324,-118.078585,1058.7
52.882323,-118.078585,1058.7
52.882309,-118.078599,1058.7
52.882294,-118.078577,1058.7
52.882284,-118.078577,1058.7
52.882274,-118.078577,1058.7
52.882269,-118.078556,1058.7
52.882258,-118.07859,1058.7
52.882243,-118.078585,1058.7
52.882197,-118.0786,1058.7
52.882166,-118.078625,1058.7
52.882156,-118.078638,1058.7
52.882124,-118.078662,1058.7
52.882115,-118.078676,1058.7
52.882102,-118.078679,1058.7
52.882087,-118.078709,1058.7
52.882087,-118.078714,1058.7
52.882092,-118.078682,1058.7
52.88209,-118.078661,1058.7
52.882083,-118.078656,1058.7
52.882071,-118.078668,1058.7
52.882064,-118.078675,1058.7
52.882059,-118.078676,1058.7
52.882046,-118.07868,1058.7
52.882025,-118.078674,1058.7
52.882028,-118.078665,1058.7
52.882017,-118.078666,1058.7
52.882009,-118.078666,1058.7
52.881998,-118.078666,1058.7
52.881992,-118.078661,1058.7
52.881985,-118.078648,1058.7
52.881979,-118.078651,1058.7
52.881971,-118.078645,1058.7
52.881965,-118.078646,1058.7
52.881953,-118.078642,1058.7
52.881943,-118.078639,1058.7
52.881938,-118.078666,1058.7
52.881926,-118.078678,1058.7
52.881907,-118.078698,1058.7
52.881897,-118.078697,1058.7
52.881887,-118.078696,1058.7
52.881854,-118.078712,1058.7
52.881843,-118.078719,1058.7
52.881841,-118.078715,1058.7
52.881832,-118.078704,1058.7
52.881821,-118.078721,1058.7
52.88181,-118.07874,1058.7
52.881785,-118.078752,1058.7
52.881775,-118.078758,1058.7
52.88176,-118.078743,1058.7
52.88175,-118.078742,1058.7
52.88174,-118.07874,1058.7
52.881729,-118.078752,1058.7
52.881714,-118.078752,1058.7
52.881701,-118.078761,1058.7
52.881687,-118.078762,1058.7
52.881677,-118.078762,1058.7
52.881663,-118.078769,1058.7
52.881653,-118.078778,1058.7
52.881636,-118.078772,1058.7
52.881617,-118.078777,1058.7
52.881596,-118.078767,1058.7
52.881583,-118.078761,1058.7
52.881571,-118.078754,1058.7
52.881565,-118.078773,1058.7
52.881554,-118.078783,1058.7
52.881543,-118.078794,1058.7
52.881537,-118.078792,1058.7
52.881512,-118.078799,1058.8
52.881492,-118.078804,1058.8
52.88148,-118.078805,1058.8
52.881463,-118.078769,1058.8
52.881456,-118.078751,1058.8
52.881462,-118.078751,1058.8
52.881459,-118.078728,1058.8
52.88145,-118.078739,1058.8
52.881446,-118.07873,1058.8
52.881436,-118.078737,1058.8
52.881427,-118.078737,1058.8
52.881415,-118.07872,1058.8
52.881403,-118.078737,1058.8
52.881389,-118.078746,1058.8
52.881368,-118.078758,1058.8
52.881359,-118.078751,1058.8
52.88135,-118.078744,1058.8
52.88133,-118.07873,1058.8
52.881318,-118.07874,1058.8
52.881306,-118.078731,1058.9
52.8813,-118.078788,1058.9
52.881287,-118.078829,1058.9
52.881288,-118.07885,1058.9
52.881262,-118.078843,1058.9
52.881255,-118.078864,1058.9
52.881233,-118.078879,1058.9
52.881227,-118.078885,1058.9
52.88122,-118.078892,1058.9
52.881201,-118.078893,1058.9
52.881194,-118.078892,1058.9
52.881186,-118.078894,1058.9
52.881159,-118.078914,1058.9
52.881143,-118.078928,1058.9
52.881127,-118.078942,1058.9
52.88112,-118.078929,1058.9
52.881113,-118.078928,1058.9
52.881105,-118.078927,1058.9
52.881097,-118.078926,1058.9
52.88109,-118.078925,1058.9
52.881068,-118.078918,1058.9
52.881059,-118.07892,1058.9
52.88105,-118.078922,1058.9
52.881039,-118.078929,1058.9
52.881026,-118.078935,1058.9
52.881013,-118.07894,1058.9
52.881005,-118.078923,1058.9
52.880995,-118.078919,1058.9
52.880981,-118.078922,1058.9
52.880953,-118.078934,1058.9
52.88094,-118.07894,1058.9
52.880929,-118.078924,1058.9
52.88092,-118.078923,1058.9
52.880915,-118.07892,1058.9
52.880891,-118.078917,1058.9
52.880886,-118.078918,1058.9
52.880853,-118.078887,1058.9
52.880835,-118.078899,1058.9
52.88082,-118.078895,1058.9
52.880816,-118.078908,1058.9
52.880821,-118.078901,1058.9
52.880813,-118.0789,1058.9
52.880803,-118.078925,1058.9
52.880798,-118.078929,1058.9
52.880773,-118.078904,1058.9
52.88076,-118.078899,1058.9
52.880763,-118.078931,1058.9
52.880764,-118.078933,1058.9
52.880767,-118.078931,1058.9
52.880753,-118.078945,1058.9
52.88074,-118.078979,1058.9
52.880728,-118.078992,1058.9
52.880716,-118.079006,1058.9
52.88069,-118.079028,1058.9
52.880678,-118.079026,1058.9
52.880661,-118.079048,1058.8
52.880641,-118.079058,1058.8
52.880629,-118.07907,1058.8
52.880623,-118.079068,1058.8
52.880617,-118.079063,1058.8
52.880601,-118.079087,1058.8
52.880584,-118.079085,1058.8
52.880571,-118.079083,1058.8
52.880559,-118.07908,1058.8
52.880544,-118.079086,1058.8
52.880526,-118.079083,1058.8
52.880514,-118.079086,1058.8
52.880498,-118.079108,1058.8
52.88049,-118.079111,1058.8
52.880481,-118.079124,1058.8
52.880465,-118.079114,1058.8
52.880436,-118.079128,1058.8
52.880426,-118.079134,1058.9
52.880427,-118.079118,1058.9
52.880419,-118.079116,1058.9
52.8804,-118.079132,1058.9
52.880391,-118.07914,1058.9
52.880375,-118.079139,1058.9
52.880359,-118.079138,1058.9
52.880346,-118.079136,1058.9
52.880326,-118.079152,1058.9
52.880316,-118.079164,1058.9
52.880306,-118.079158,1058.9
52.880293,-118.079136,1058.9
52.880293,-118.079114,1058.9
52.880281,-118.079118,1058.9
52.880271,-118.079135,1058.9
52.880261,-118.07915,1058.9
52.880237,-118.079158,1058.9
52.880225,-118.079161,1058.9
52.880229,-118.079137,1058.9
52.880214,-118.079142,1058.9
52.880193,-118.07916,1058.9
52.880194,-118.079164,1058.9
52.880185,-118.079161,1058.9
52.880176,-118.079161,1058.9
52.880172,-118.079163,1058.9
52.880161,-118.07917,1058.9
52.880154,-118.079164,1058.9
52.880136,-118.079151,1058.9
52.880133,-118.079167,1058.9
52.880105,-118.079141,1058.9
52.88009,-118.079138,1058.9
52.880074,-118.079138,1058.9
52.880043,-118.079146,1058.9
52.880038,-118.079158,1058.9
52.880023,-118.079159,1058.9
52.88001,-118.079162,1058.9
52.879986,-118.079145,1059.0
52.879978,-118.079125,1059.0
52.879968,-118.079133,1059.0
52.879957,-118.079133,1059.0
52.879952,-118.079096,1059.0
52.879932,-118.079146,1059.0
52.879925,-118.079185,1059.0
52.879914,-118.079211,1059.0
52.879906,-118.079209,1059.0
52.879897,-118.079207,1059.0
52.879888,-118.079204,1059.0
52.87988,-118.079202,1059.0
52.879871,-118.0792,1059.0
52.879847,-118.079223,1059.0
52.879823,-118.07924,1059.0
52.879808,-118.079242,1059.0
52.879794,-118.079263,1059.0
52.879783,-118.079297,1059.0
52.879775,-118.079303,1059.0
52.879766,-118.07931,1059.0
52.879758,-118.079303,1059.0
52.879749,-118.079306,1059.0
52.879741,-118.079285,1059.1
52.879722,-118.079301,1059.1
52.879713,-118.079314,1059.1
52.879705,-118.079327,1059.1
52.879696,-118.079327,1059.1
52.879687,-118.079325,1059.1
52.879671,-118.07932,1059.1
52.879656,-118.079324,1059.1
52.879641,-118.079342,1059.1
52.879621,-118.079357,1059.1
52.879614,-118.079359,1059.1
52.879607,-118.079362,1059.1
52.879593,-118.079379,1059.1
52.879581,-118.079383,1059.1
52.87957,-118.079387,1059.1
52.879544,-118.079386,1059.2
52.879536,-118.079378,1059.2
52.879528,-118.079371,1059.2
52.879508,-118.079371,1059.2
52.879499,-118.079374,1059.2
52.879489,-118.079377,1059.2
52.879475,-118.079384,1059.2
52.879467,-118.079366,1059.2
52.879456,-118.079377,1059.2
52.879439,-118.079413,1059.2
52.879424,-118.079406,1059.2
52.879417,-118.079427,1059.2
52.879409,-118.07941,1059.2
52.879396,-118.079425,1059.2
52.879388,-118.07942,1059.3
52.879374,-118.07942,1059.3
52.879355,-118.079423,1059.3
52.879345,-118.079427,1059.3
52.879335,-118.079432,1059.3
52.879327,-118.079437,1059.3
52.879312,-118.079436,1059.3
52.879303,-118.079427,1059.3
52.87929,-118.079433,1059.3
52.879281,-118.079442,1059.3
52.87927,-118.079431,1059.3
52.879257,-118.079425,1059.3
52.879243,-118.079417,1059.3
52.879235,-118.07942,1059.3
52.879218,-118.079432,1059.4
52.879192,-118.079458,1059.5
52.879183,-118.079458,1059.5
52.879178,-118.07946,1059.5
52.879164,-118.079462,1059.5
52.879151,-118.079461,1059.6
52.879143,-118.079467,1059.6
52.879123,-118.079494,1059.5
52.879112,-118.079496,1059.5
52.879103,-118.079498,1059.5
52.879087,-118.079491,1059.5
52.879074,-118.079524,1059.5
52.879063,-118.079529,1059.5
52.879032,-118.079541,1059.5
52.879015,-118.079556,1059.5
52.879025,-118.079544,1059.5
52.879016,-118.079537,1059.5
52.879008,-118.079545,1059.5
52.879008,-118.079539,1059.5
52.878989,-118.079551,1059.5
52.878983,-118.079553,1059.5
52.878965,-118.079554,1059.5
52.878953,-118.079554,1059.5
52.878932,-118.079543,1059.5
52.878925,-118.079527,1059.5
52.878918,-118.07951,1059.5
52.878929,-118.079517,1059.5
52.878917,-118.079516,1059.5
52.878905,-118.079515,1059.5
52.878893,-118.079514,1059.5
52.878881,-118.079513,1059.5
52.878864,-118.079529,1059.4
52.878853,-118.079546,1059.4
52.878837,-118.079546,1059.4
52.878823,-118.079541,1059.4
52.8788,-118.079541,1059.4
52.878792,-118.079539,1059.4
52.878783,-118.079537,1059.4
52.878767,-118.079532,1059.4
52.878761,-118.079534,1059.4
52.878755,-118.079537,1059.4
52.87875,-118.07954,1059.4
52.878744,-118.079543,1059.4
52.87873,-118.079542,1059.4
52.878722,-118.079542,1059.4
52.878714,-118.079543,1059.4
52.878705,-118.079543,1059.4
52.878699,-118.079549,1059.4
52.878691,-118.079578,1059.4
52.878651,-118.079591,1059.4
52.878639,-118.0796,1059.4
52.878631,-118.079606,1059.4
52.878633,-118.079636,1059.4
52.878622,-118.079635,1059.4
52.878618,-118.079627,1059.4
52.878608,-118.079614,1059.4
52.878597,-118.079612,1059.4
52.878591,-118.079631,1059.4
52.878577,-118.079629,1059.4
52.878571,-118.07963,1059.4
52.878565,-118.079616,1059.3
52.878545,-118.07961,1059.3
52.878517,-118.079643,1059.3
52.878514,-118.079657,1059.3
52.878485,-118.079659,1059.3
52.878478,-118.079665,1059.3
52.878472,-118.079678,1059.3
52.878463,-118.079685,1059.3
52.878448,-118.079699,1059.3
52.878427,-118.07969,1059.3
52.878419,-118.07969,1059.3
52.878412,-118.07969,1059.3
52.878404,-118.079689,1059.3
52.878384,-118.079673,1059.3
52.878366,-118.079664,1059.3
52.878355,-118.079658,1059.3
52.878344,-118.079651,1059.3
52.878331,-118.079657,1059.3
52.878319,-118.079653,1059.3
52.878313,-118.079653,1059.3
52.878299,-118.079671,1059.3
52.878294,-118.079677,1059.3
52.87829,-118.079683,1059.3
52.878285,-118.07969,1059.3
52.878275,-118.079672,1059.3
52.878272,-118.079705,1059.3
52.878258,-118.079701,1059.3
52.87824,-118.079681,1059.3
52.87823,-118.079675,1059.3
52.87821,-118.079678,1059.2
52.878199,-118.07969,1059.2
52.878189,-118.079674,1059.2
52.878178,-118.079679,1059.2
52.878165,-118.07968,1059.2
52.878163,-118.079684,1059.2
52.878161,-118.079698,1059.2
52.878147,-118.079685,1059.2
52.878137,-118.07969,1059.2
52.878121,-118.079695,1059.2
52.878114,-118.079696,1059.2
52.878107,-118.079697,1059.2
52.8781,-118.079698,1059.2
52.878094,-118.079712,1059.2
52.878083,-118.079727,1059.2
52.878073,-118.079722,1059.2
52.878066,-118.079747,1059.2
52.878053,-118.07975,1059.2
52.87804,-118.079753,1059.1
52.878027,-118.079755,1059.1
52.878013,-118.07975,1059.1
52.878012,-118.079759,1059.1
52.877998,-118.079765,1059.1
52.877985,-118.079768,1059.1
52.877975,-118.079785,1059.1
52.877965,-118.079802,1059.1
52.87795,-118.079794,1059.1
52.87794,-118.079787,1059.1
52.877926,-118.079801,1059.1
52.877918,-118.079799,1059.1
52.877909,-118.079797,1059.1
52.877901,-118.079795,1059.1
52.877891,-118.079792,1059.1
52.877881,-118.079789,1059.1
52.877873,-118.079809,1059.1
52.877863,-118.079817,1059.1
52.877854,-118.079822,1059.1
52.877841,-118.079821,1059.1
52.877834,-118.079837,1059.1
52.877822,-118.079844,1059.1
52.877814,-118.079852,1059.1
52.877809,-118.079853,1059.1
52.877798,-118.07983,1059.1
52.877785,-118.079836,1059.1
52.877796,-118.079856,1059.1
52.87778,-118.079846,1059.0
52.877761,-118.079866,1059.0
52.877755,-118.079857,1059.0
52.877744,-118.07986,1059.0
52.877734,-118.079858,1059.0
52.877708,-118.079922,1059.0
52.877697,-118.079941,1059.0
52.87769,-118.079933,1059.0
52.877684,-118.07993,1059.0
52.877677,-118.079932,1059.0
52.877665,-118.079907,1059.0
52.877657,-118.079895,1059.0
52.877656,-118.079902,1059.0
52.877657,-118.079895,1059.0
52.877641,-118.079891,1059.0
52.87763,-118.079885,1059.0
52.87762,-118.079885,1059.0
52.87761,-118.079892,1059.0
52.877601,-118.079887,1058.9
52.877595,-118.07988,1058.9
52.877583,-118.07989,1058.9
52.877577,-118.079878,1058.9
52.877565,-118.079892,1058.9
52.877554,-118.079915,1058.9
52.877546,-118.079909,1058.9
52.877538,-118.079918,1058.9
52.877517,-118.079923,1058.9
52.877509,-118.079926,1058.9
52.877501,-118.079929,1058.9
52.877489,-118.079924,1058.9
52.877475,-118.079929,1058.9
52.877467,-118.079925,1058.9
52.877463,-118.079919,1058.9
52.877452,-118.07992,1058.9
52.877445,-118.079912,1058.9
52.877445,-118.079912,1058.9
52.877436,-118.079917,1058.9
52.877437,-118.079913,1058.9
52.877423,-118.079937,1058.9
52.877408,-118.079939,1058.9
52.877395,-118.079949,1058.9
52.87739,-118.079945,1058.9
52.877379,-118.079958,1058.9
52.877357,-118.07995,1058.9
52.877351,-118.079953,1058.9
52.877344,-118.079956,1058.9
52.877331,-118.079961,1058.8
52.877328,-118.079953,1058.8
52.877318,-118.07996,1058.8
52.877294,-118.079988,1058.8
52.877286,-118.080001,1058.8
52.877278,-118.080014,1058.8
52.877275,-118.080021,1058.8
52.877254,-118.080036,1058.8
52.877244,-118.080039,1058.8
52.877238,-118.080058,1058.8
52.877233,-118.080064,1058.8
52.877225,-118.08006,1058.8
52.877215,-118.080053,1058.8
52.877204,-118.080039,1058.8
52.877196,-118.080041,1058.8
52.877188,-118.080047,1058.8
52.877184,-118.080044,1058.8
52.877163,-118.080048,1058.8
52.877157,-118.080049,1058.8
52.87714,-118.080042,1058.8
52.877159,-118.080034,1058.8
52.877121,-118.080047,1058.7
52.877108,-118.080047,1058.7
52.877101,-118.08005,1058.7
52.877093,-118.080054,1058.7
52.877082,-118.080044,1058.7
52.877068,-118.08005,1058.7
52.877058,-118.080061,1058.7
52.877039,-118.080067,1058.7
52.87703,-118.080069,1058.7
52.877021,-118.080071,1058.7
52.877012,-118.080072,1058.7
52.877015,-118.08005,1058.7
52.877004,-118.080048,1058.7
52.87698,-118.080066,1058.7
52.876983,-118.080087,1058.7
52.876975,-118.080085,1058.7
52.876967,-118.080084,1058.7
52.876959,-118.080082,1058.7
52.876951,-118.08008,1058.7
52.876943,-118.080079,1058.7
52.876924,-118.080088,1058.7
52.876918,-118.080097,1058.7
52.876911,-118.080105,1058.7
52.876904,-118.080104,1058.7
52.876886,-118.080135,1058.7
52.876869,-118.080138,1058.8
52.876858,-118.080152,1058.8
52.876842,-118.08016,1058.8
52.876832,-118.080161,1058.8
52.876821,-118.080163,1058.8
52.876807,-118.080152,1058.8
52.8768,-118.080147,1058.8
52.876793,-118.080143,1058.8
52.876786,-118.080139,1058.8
52.876773,-118.080135,1058.8
52.876759,-118.080148,1058.9
52.876751,-118.080145,1058.9
52.876746,-118.080152,1058.9
52.876727,-118.080149,1058.8
52.876717,-118.080156,1058.8
52.876705,-118.080161,1058.8
52.876693,-118.08016,1058.8
52.876693,-118.080147,1058.8
52.876685,-118.080142,1058.8
52.876669,-118.080162,1058.8
52.876661,-118.080169,1058.8
52.876652,-118.080174,1058.8
52.876636,-118.080185,1058.8
52.876623,-118.08019,1058.8
52.87661,-118.080182,1058.8
52.876601,-118.080182,1058.8
52.876595,-118.080184,1058.8
52.876586,-118.080178,1058.8
52.876578,-118.080177,1058.8
52.876571,-118.08018,1058.8
52.876551,-118.080169,1058.8
52.876549,-118.080175,1058.8
52.876544,-118.080178,1058.8
52.876536,-118.080179,1058.8
52.876522,-118.080187,1058.8
52.876511,-118.080186,1058.8
52.8765,-118.080185,1058.8
52.876487,-118.080206,1058.8
52.876479,-118.080212,1058.8
52.87647,-118.080218,1058.8
52.876465,-118.080228,1058.8
52.876457,-118.080231,1058.8
52.876451,-118.080239,1058.8
52.876441,-118.080249,1058.8
52.87642,-118.080248,1058.8
52.876413,-118.080253,1058.8
52.876384,-118.08025,1058.8
52.876367,-118.080231,1058.8
52.87636,-118.080228,1058.8
52.876353,-118.080224,1058.8
52.876345,-118.080221,1058.8
52.876331,-118.080228,1058.8
52.87632,-118.080235,1058.8
52.876318,-118.080245,1058.7
52.87631,-118.080258,1058.7
52.876292,-118.08026,1058.7
52.87628,-118.080256,1058.7
52.876266,-118.080266,1058.7
52.876256,-118.080255,1058.7
52.876263,-118.080253,1058.7
52.876257,-118.080257,1058.7
52.876245,-118.080253,1058.7
52.876241,-118.080251,1058.7
52.876226,-118.080259,1058.7
52.876219,-118.080263,1058.7
52.876211,-118.080255,1058.7
52.876204,-118.08028,1058.7
52.876202,-118.080282,1058.7
52.8762,-118.080295,1058.7
52.876187,-118.0803,1058.7
52.876177,-118.080307,1058.7
52.876173,-118.080308,1058.7
52.876182,-118.08031,1058.7
52.876177,-118.080311,1058.7
52.876166,-118.080315,1058.7
52.876159,-118.080315,1058.7
52.876147,-118.080329,1058.7
52.876118,-118.080318,1058.7
52.876084,-118.080296,1058.7
52.876069,-118.0803,1058.7
52.876064,-118.080301,1058.7
52.876059,-118.080301,1058.7
52.876054,-118.080302,1058.7
52.876049,-118.080302,1058.7
52.876035,-118.080306,1058.7
52.876025,-118.080317,1058.7
52.87602,-118.080323,1058.7
52.876015,-118.080322,1058.7
52.876009,-118.080323,1058.7
52.875993,-118.080313,1058.7
52.875982,-118.080319,1058.7
52.875972,-118.080321,1058.7
52.875961,-118.080319,1058.7
52.875953,-118.080324,1058.7
52.875944,-118.080327,1058.7
52.875935,-118.080338,1058.7
52.875914,-118.080345,1058.7
52.875904,-118.080345,1058.7
52.875895,-118.080347,1058.6
52.875878,-118.080317,1058.6
52.87587,-118.080314,1058.6
52.875862,-118.080313,1058.6
52.875854,-118.080324,1058.6
52.875844,-118.080314,1058.6
52.875831,-118.080306,1058.6
52.875824,-118.080305,1058.6
52.875818,-118.080305,1058.6
52.875811,-118.080304,1058.6
52.875804,-118.080303,1058.6
52.875798,-118.080302,1058.6
52.875791,-118.080301,1058.6
52.875769,-118.080329,1058.6
52.875778,-118.080339,1058.6
52.875761,-118.080357,1058.6
52.875749,-118.080371,1058.6
52.875723,-118.0804,1058.6
52.875709,-118.080413,1058.6
52.8757,-118.080434,1058.6
52.875696,-118.080437,1058.6
52.875685,-118.080436,1058.6
52.875687,-118.080448,1058.6
52.875677,-118.080449,1058.6
52.875671,-118.080452,1058.6
52.875654,-118.080454,1058.6
52.875637,-118.08045,1058.6
52.87563,-118.080464,1058.6
52.875621,-118.080474,1058.6
52.875616,-118.080481,1058.6
52.875606,-118.080492,1058.6
52.8756,-118.080493,1058.6
52.875598,-118.080502,1058.6
52.875547,-118.080497,1058.7
52.875542,-118.080495,1058.7
52.875531,-118.080496,1058.7
52.875521,-118.080498,1058.7
52.87551,-118.080499,1058.7
52.8755,-118.0805,1058.7
52.875487,-118.080498,1058.7
52.875479,-118.080505,1058.7
52.87547,-118.080512,1058.7
52.875467,-118.080516,1058.7
52.875464,-118.080521,1058.7
52.875461,-118.080526,1058.7
52.875458,-118.08053,1058.7
52.875455,-118.080535,1058.7
52.875452,-118.080539,1058.7
52.875449,-118.080544,1058.7
52.875439,-118.080546,1058.7
52.87542,-118.080549,1058.7
52.875415,-118.080557,1058.7
52.8754,-118.080565,1058.7
52.875398,-118.080571,1058.7
52.875388,-118.080574,1058.7
52.875376,-118.080573,1058.7
52.875366,-118.080582,1058.7
52.875358,-118.080586,1058.7
52.875352,-118.080588,1058.7
52.875349,-118.080598,1058.7
52.875356,-118.0806,1058.7
52.875348,-118.080596,1058.7
52.875347,-118.080592,1058.7
52.875329,-118.080596,1058.7
52.875296,-118.080598,1058.7
52.875278,-118.0806,1058.7
52.875262,-118.080604,1058.6
52.875243,-118.080605,1058.6
52.875235,-118.080613,1058.6
52.875238,-118.080609,1058.6
52.875229,-118.080622,1058.6
52.875219,-118.080615,1058.6
52.875211,-118.08062,1058.6
52.875209,-118.080641,1058.6
52.875195,-118.080637,1058.6
52.875187,-118.08064,1058.6
52.875175,-118.080652,1058.6
52.875158,-118.080657,1058.6
52.87515,-118.080675,1058.6
52.875129,-118.080681,1058.6
52.875125,-118.080684,1058.6
52.875122,-118.080688,1058.6
52.875119,-118.080692,1058.6
52.875116,-118.080696,1058.6
52.875112,-118.080707,1058.6
52.875104,-118.080695,1058.6
52.875091,-118.080673,1058.6
52.875086,-118.08067,1058.6
52.875082,-118.080678,1058.6
52.875072,-118.080668,1058.6
52.875066,-118.080666,1058.6
52.875064,-118.080677,1058.6
52.875061,-118.080685,1058.6
52.875054,-118.080723,1058.6
52.875055,-118.080747,1058.6
52.87505,-118.080745,1058.6
52.875045,-118.080742,1058.6
52.87504,-118.08074,1058.6
52.875035,-118.080737,1058.6
52.87503,-118.080734,1058.6
52.875025,-118.080732,1058.6
52.87502,-118.080729,1058.6
52.875015,-118.080727,1058.6
52.875012,-118.080726,1058.6
52.875012,-118.080726,1058.6
52.875012,-118.080726,1058.6
52.875012,-118.080726,1058.6
52.875005,-118.080728,1058.6
52.875003,-118.080721,1058.6
52.875,-118.080714,1058.6
52.874996,-118.080709,1058.6
52.875004,-118.080691,1058.6
52.875007,-118.080684,1058.6
52.875007,-118.080692,1058.6
52.87501,-118.080673,1058.6
52.875011,-118.080663,1058.6
52.875025,-118.080672,1058.6
52.875034,-118.080664,1058.6
52.875037,-118.080654,1058.6
52.875042,-118.080665,1058.6
52.875041,-118.080691,1058.6
52.875041,-118.080697,1058.6
52.875049,-118.080695,1058.6
52.875047,-118.0807,1058.6
52.875053,-118.080695,1058.6
52.87505,-118.080677,1058.6
52.87505,-118.080678,1058.6
52.875054,-118.080678,1058.6
52.875054,-118.080678,1058.6
52.875054,-118.080678,1058.6
52.875049,-118.080675,1058.6
52.87505,-118.080679,1058.6
52.875039,-118.080676,1058.6
52.875033,-118.080683,1058.6
52.875038,-118.0807,1058.6
52.875041,-118.080706,1058.6
52.875041,-118.080722,1058.6
52.875041,-118.080723,1058.6
52.875036,-118.080725,1058.6
52.875038,-118.080724,1058.6
52.875036,-118.080721,1058.6
52.875036,-118.080721,1058.6
52.875036,-118.080721,1058.6
52.875044,-118.080721,1058.6
52.875044,-118.080721,1058.6
52.875044,-118.080721,1058.6
52.875044,-118.080721,1058.6
52.875044,-118.080724,1058.6
52.875036,-118.080713,1058.6
52.875036,-118.080714,1058.6
52.875036,-118.080714,1058.6
52.875036,-118.080714,1058.6
52.875036,-118.080714,1058.6
52.875036,-118.080714,1058.6
52.875036,-118.080714,1058.6
52.875036,-118.080714,1058.6
52.875036,-118.080714,1058.6
52.875036,-118.080714,1058.6
52.875036,-118.080714,1058.6
52.875036,-118.080714,1058.6
52.875036,-118.080714,1058.6
52.875036,-118.080714,1058.6
52.875036,-118.080714,1058.6
52.875036,-118.080714,1058.6
52.875036,-118.080714,1058.6
52.875036,-118.080714,1058.6
52.875036,-118.080714,1058.6
52.875036,-118.080714,1058.6
52.875036,-118.080714,1058.6
52.875036,-118.080714,1058.6
52.875036,-118.080714,1058.6
52.875036,-118.080714,1058.6
52.875036,-118.080714,1058.6
52.875036,-118.080714,1058.6
52.875036,-118.080714,1058.6
52.875036,-118.080714,1058.6
52.875036,-118.080714,1058.6
52.875036,-118.080714,1058.6
52.875036,-118.080714,1058.6
52.875036,-118.080714,1058.6
52.875036,-118.080714,1058.6
52.875036,-118.080714,1058.6
52.875036,-118.080714,1058.6
52.875036,-118.080714,1058.6
52.875036,-118.080714,1058.6
52.875036,-118.080714,1058.6
52.875036,-118.080714,1058.6
52.875041,-118.080727,1058.6
52.875036,-118.080717,1058.6
52.875036,-118.080718,1058.6
52.875036,-118.080718,1058.6
52.875036,-118.080718,1058.6
52.875036,-118.080718,1058.6
52.875036,-118.080718,1058.6
52.875036,-118.080718,1058.6
52.875036,-118.080718,1058.6
52.875036,-118.080718,1058.6
52.875036,-118.080718,1058.6
52.875036,-118.080718,1058.6
52.875036,-118.080718,1058.6
52.875036,-118.080718,1058.6
52.875036,-118.080718,1058.6
52.875036,-118.080718,1058.6
52.875036,-118.080718,1058.6
52.875036,-118.080718,1058.6
52.875036,-118.080718,1058.6
52.875036,-118.080718,1058.6
52.875036,-118.080718,1058.6
52.875036,-118.080718,1058.6
52.875036,-118.080718,1058.6
52.875036,-118.080718,1058.6
52.875036,-118.080718,1058.6
52.875036,-118.080718,1058.6
52.875058,-118.080736,1058.6
52.875053,-118.080731,1058.6
52.875053,-118.080731,1058.6
52.875053,-118.080731,1058.6
52.875053,-118.080731,1058.6
52.875053,-118.080731,1058.6
52.875037,-118.080716,1058.6
52.875037,-118.080716,1058.6
52.875037,-118.080716,1058.6
52.875026,-118.080709,1058.6
52.875026,-118.080709,1058.6
52.875026,-118.080709,1058.6
52.875026,-118.080709,1058.6
52.875026,-118.080709,1058.6
52.875026,-118.080709,1058.6
52.875026,-118.080709,1058.6
52.875026,-118.080709,1058.6
52.875026,-118.080709,1058.6
52.875026,-118.080709,1058.6
52.875026,-118.080709,1058.6
52.875026,-118.080709,1058.6
52.875026,-118.080709,1058.6
52.875026,-118.080709,1058.6
52.875026,-118.080709,1058.6
52.875026,-118.080709,1058.6
52.875042,-118.080725,1058.6
52.875037,-118.080729,1058.6
52.875035,-118.080712,1058.6
52.875034,-118.08071,1058.6
52.875039,-118.080715,1058.6
52.875047,-118.080718,1058.6
52.875049,-118.080707,1058.6
52.875049,-118.080707,1058.6
52.875049,-118.080707,1058.6
52.875049,-118.080707,1058.6
52.875049,-118.080707,1058.6
52.875049,-118.080707,1058.6
52.875049,-118.080707,1058.6
52.875049,-118.080707,1058.6
52.875049,-118.080707,1058.6
52.875049,-118.080707,1058.6
52.875049,-118.080707,1058.6
52.875049,-118.080707,1058.6
52.87505,-118.080724,1058.6
52.87505,-118.080724,1058.6
52.87505,-118.080724,1058.6
52.87505,-118.080724,1058.6
52.87505,-118.080724,1058.6
52.87505,-118.080724,1058.6
52.87505,-118.080724,1058.6
52.87505,-118.080724,1058.6
52.87505,-118.080724,1058.6
52.87505,-118.080724,1058.6
52.87505,-118.080724,1058.6
52.87505,-118.080724,1058.6
52.87505,-118.080724,1058.6
52.87505,-118.080724,1058.6
52.87505,-118.080724,1058.6
52.87505,-118.080724,1058.6
52.87505,-118.080724,1058.6
52.87505,-118.080724,1058.6
52.87505,-118.080724,1058.6
52.87505,-118.080724,1058.6
52.87505,-118.080724,1058.6
52.87505,-118.080724,1058.6
52.87505,-118.080724,1058.6
52.875055,-118.080728,1058.6
52.875056,-118.080734,1058.6
52.875047,-118.080728,1058.6
52.875052,-118.080723,1058.6
52.875052,-118.080723,1058.6
52.875052,-118.080723,1058.6
52.875052,-118.080723,1058.6
52.875052,-118.080723,1058.6
52.875052,-118.080723,1058.6
52.875052,-118.080723,1058.6
52.875052,-118.080723,1058.6
52.875052,-118.080723,1058.6
52.875052,-118.080723,1058.6
52.875052,-118.080723,1058.6
52.875052,-118.080723,1058.6
52.875052,-118.080723,1058.6
52.875052,-118.080723,1058.6
52.875052,-118.080723,1058.6
52.875052,-118.080723,1058.6
52.875052,-118.080723,1058.6
52.875052,-118.080723,1058.6
52.875052,-118.080723,1058.6
52.875052,-118.080723,1058.6
52.875047,-118.080708,1058.6
52.875055,-118.080718,1058.6
52.875049,-118.080709,1058.6
52.875049,-118.080709,1058.6
52.875049,-118.080709,1058.6
52.875049,-118.080709,1058.6
52.875049,-118.080709,1058.6
52.875049,-118.080709,1058.6
52.875049,-118.080709,1058.6
52.875049,-118.080709,1058.6
52.875049,-118.080709,1058.6
52.875049,-118.080709,1058.6
52.875049,-118.080709,1058.6
52.875049,-118.080709,1058.6
52.875049,-118.080709,1058.6
52.87504,-118.080752,1058.6
52.875039,-118.080744,1058.6
52.875047,-118.080743,1058.6
52.875047,-118.080743,1058.6
52.875047,-118.080743,1058.6
52.875047,-118.080743,1058.6
52.875047,-118.080743,1058.6
52.875047,-118.080743,1058.6
52.875047,-118.080743,1058.6
52.875047,-118.080743,1058.6
52.875047,-118.080743,1058.6
52.875047,-118.080743,1058.6
52.875047,-118.080743,1058.6
52.875047,-118.080743,1058.6
52.875047,-118.080743,1058.6
52.875047,-118.080743,1058.6
52.875047,-118.080743,1058.6
52.875047,-118.080743,1058.6
52.875047,-118.080743,1058.6
52.875047,-118.080743,1058.6
52.875047,-118.080743,1058.6
52.875047,-118.080743,1058.6
52.875047,-118.080743,1058.6
52.875047,-118.080743,1058.6
52.875047,-118.080743,1058.6
52.875047,-118.080743,1058.6
52.875047,-118.080743,1058.6
52.875047,-118.080743,1058.6
52.875047,-118.080743,1058.6
52.875047,-118.080743,1058.6
52.875047,-118.080743,1058.6
52.875047,-118.080743,1058.6
52.875047,-118.080743,1058.6
52.875047,-118.080743,1058.6
52.875047,-118.080743,1058.6
52.875047,-118.080743,1058.6
52.875047,-118.080743,1058.6
52.875047,-118.080743,1058.6
52.875047,-118.080743,1058.6
52.875047,-118.080743,1058.6
52.875047,-118.080743,1058.6
52.875047,-118.080743,1058.6
52.875047,-118.080743,1058.6
52.875047,-118.080743,1058.6
52.875047,-118.080743,1058.6
52.875047,-118.080743,1058.6
52.875047,-118.080743,1058.6
52.875047,-118.080743,1058.6
52.875047,-118.080743,1058.6
52.875047,-118.080743,1058.6
52.875047,-118.080743,1058.6
52.875047,-118.080743,1058.6
52.875047,-118.080743,1058.6
52.875047,-118.080743,1058.6
52.875047,-118.080743,1058.6
52.875047,-118.080743,1058.6
52.875047,-118.080743,1058.6
52.875047,-118.080743,1058.6
52.875047,-118.080743,1058.6
52.875047,-118.080743,1058.6
52.875047,-118.080743,1058.6
52.875047,-118.080743,1058.6
52.875047,-118.080743,1058.6
52.875047,-118.080743,1058.6
52.875055,-118.080746,1058.6
52.875054,-118.080741,1058.6
52.875054,-118.080741,1058.6
52.875054,-118.080741,1058.6
52.875054,-118.080741,1058.6
52.875054,-118.080741,1058.6
52.875054,-118.080741,1058.6
52.875054,-118.080741,1058.6
52.875054,-118.080741,1058.6
52.875054,-118.080741,1058.6
52.875054,-118.080741,1058.6
52.875054,-118.080741,1058.6
52.875054,-118.080741,1058.6
52.875054,-118.080741,1058.6
52.875054,-118.080741,1058.6
52.875054,-118.080741,1058.6
52.875054,-118.080741,1058.6
52.875054,-118.080741,1058.6
52.875054,-118.080741,1058.6
52.875054,-118.080741,1058.6
52.875054,-118.080741,1058.6
52.875054,-118.080741,1058.6
52.875054,-118.080741,1058.6
52.875054,-118.080741,1058.6
52.875054,-118.080741,1058.6
52.875054,-118.080741,1058.6
52.875054,-118.080741,1058.6
52.875054,-118.080741,1058.6
52.875054,-118.080741,1058.6
52.875054,-118.080741,1058.6
52.875054,-118.080741,1058.6
52.875054,-118.080741,1058.6
52.875054,-118.080741,1058.6
52.875054,-118.080741,1058.6
52.875054,-118.080741,1058.6
52.875054,-118.080741,1058.6
52.875054,-118.080741,1058.6
52.875054,-118.080741,1058.6
52.875054,-118.080741,1058.6
52.875054,-118.080741,1058.6
52.875054,-118.080741,1058.6
52.875054,-118.080741,1058.6
52.875054,-118.080741,1058.6
52.875054,-118.080741,1058.6
52.875054,-118.080741,1058.6
52.875054,-118.080741,1058.6
52.875054,-118.080741,1058.6
52.875054,-118.080741,1058.6
52.875054,-118.080741,1058.6
52.875054,-118.080741,1058.6
52.875054,-118.080741,1058.6
52.875054,-118.080741,1058.6
52.875054,-118.080741,1058.6
52.875054,-118.080741,1058.6
52.87503,-118.080743,1058.6
52.875032,-118.080743,1058.6
52.875032,-118.080742,1058.6
52.875032,-118.080742,1058.6
52.875032,-118.080742,1058.6
52.875032,-118.080742,1058.6
52.875032,-118.080742,1058.6
52.875032,-118.080742,1058.6
52.875032,-118.080742,1058.6
52.875032,-118.080742,1058.6
52.875032,-118.080742,1058.6
52.875032,-118.080742,1058.6
52.875032,-118.080742,1058.6
52.875032,-118.080742,1058.6
52.875032,-118.080742,1058.6
52.875032,-118.080742,1058.6
52.875032,-118.080742,1058.6
52.875032,-118.080742,1058.6
52.875032,-118.080742,1058.6
52.875032,-118.080742,1058.6
52.875032,-118.080742,1058.6
52.875032,-118.080742,1058.6
52.875032,-118.080742,1058.6
52.875032,-118.080742,1058.6
52.875032,-118.080742,1058.6
52.875032,-118.080742,1058.6
52.875032,-118.080742,1058.6
52.875032,-118.080742,1058.6
52.875032,-118.080758,1058.6
52.875032,-118.080757,1058.6
52.875032,-118.080757,1058.6
52.875032,-118.080757,1058.6
52.875032,-118.080757,1058.6
52.875032,-118.080757,1058.6
52.875032,-118.080757,1058.6
52.875032,-118.080757,1058.6
52.875032,-118.080757,1058.6
52.875032,-118.080757,1058.6
52.875032,-118.080757,1058.6
52.875032,-118.080757,1058.6
52.875032,-118.080757,1058.6
52.875032,-118.080757,1058.6
52.875032,-118.080757,1058.6
52.875032,-118.080757,1058.6
52.875032,-118.080757,1058.6
52.875032,-118.080757,1058.6
52.875032,-118.080757,1058.6
52.875032,-118.080757,1058.6
52.875032,-118.080757,1058.6
52.875032,-118.080757,1058.6
52.875032,-118.080757,1058.6
52.875032,-118.080757,1058.6
52.875032,-118.080757,1058.6
52.875032,-118.080757,1058.6
52.875032,-118.080757,1058.6
52.875032,-118.080757,1058.6
52.875032,-118.080757,1058.6
52.875026,-118.080775,1058.6
52.875026,-118.080773,1058.6
52.875026,-118.080773,1058.6
52.875027,-118.080773,1058.6
52.875027,-118.080773,1058.6
52.875027,-118.080772,1058.6
52.875027,-118.080772,1058.6
52.875028,-118.080772,1058.6
52.875028,-118.080771,1058.6
52.875028,-118.080771,1058.6
52.875028,-118.080771,1058.6
52.875029,-118.08077,1058.6
52.875029,-118.08077,1058.6
52.875029,-118.08077,1058.6
52.875029,-118.080769,1058.6
52.87503,-118.080769,1058.6
52.87503,-118.080769,1058.6
52.87503,-118.080768,1058.6
52.87503,-118.080768,1058.6
52.87503,-118.080768,1058.6
52.875031,-118.080767,1058.6
52.875031,-118.080767,1058.6
52.875031,-118.080767,1058.6
52.875031,-118.080767,1058.6
52.875032,-118.080766,1058.6
52.875032,-118.080766,1058.6
52.875032,-118.080766,1058.6
52.875032,-118.080765,1058.6
52.875033,-118.080765,1058.6
52.875033,-118.080765,1058.6
52.875033,-118.080764,1058.6
52.875033,-118.080764,1058.6
52.875034,-118.080764,1058.6
52.875034,-118.080763,1058.6
52.875034,-118.080763,1058.6
52.875034,-118.080763,1058.6
52.875035,-118.080762,1058.6
52.875035,-118.080762,1058.6
52.875035,-118.080762,1058.6
52.875035,-118.080761,1058.6
52.875035,-118.080761,1058.6
52.875036,-118.080761,1058.6
52.875036,-118.080761,1058.6
52.875036,-118.08076,1058.6
52.875036,-118.08076,1058.6
52.875037,-118.08076,1058.6
52.875037,-118.080759,1058.6
52.875037,-118.080759,1058.6
52.875037,-118.080759,1058.6
52.875038,-118.080758,1058.6
52.875038,-118.080758,1058.6
52.875038,-118.080758,1058.6
52.875038,-118.080757,1058.6
52.875039,-118.080757,1058.6
52.875039,-118.080757,1058.6
52.875039,-118.080756,1058.6
52.875039,-118.080756,1058.6
52.87504,-118.080756,1058.6
52.87504,-118.080755,1058.6
52.87504,-118.080755,1058.6
52.87504,-118.080755,1058.6
52.87504,-118.080755,1058.6
52.875041,-118.080754,1058.6
52.875041,-118.080754,1058.6
52.875041,-118.080754,1058.6
52.875041,-118.080753,1058.6
52.875042,-118.080753,1058.6
52.875042,-118.080753,1058.6
52.875042,-118.080752,1058.6
52.875042,-118.080752,1058.6
52.875043,-118.080752,1058.6
52.875043,-118.080751,1058.6
52.875043,-118.080751,1058.6
52.875043,-118.080751,1058.6
52.875044,-118.08075,1058.6
52.875044,-118.08075,1058.6
52.875044,-118.08075,1058.6
52.875044,-118.080749,1058.6
52.875045,-118.080749,1058.6
52.875045,-118.080749,1058.6
52.875045,-118.080749,1058.6
52.875045,-118.080748,1058.6
52.875045,-118.080748,1058.6
52.875046,-118.080748,1058.6
52.875046,-118.080747,1058.6
52.875046,-118.080747,1058.6
52.875046,-118.080747,1058.6
52.875047,-118.080746,1058.6
52.875047,-118.080746,1058.6
52.875047,-118.080746,1058.6
52.875047,-118.080745,1058.6
52.875048,-118.080745,1058.6
52.875048,-118.080745,1058.6
52.875048,-118.080744,1058.6
52.875048,-118.080744,1058.6
52.875049,-118.080744,1058.6
52.875049,-118.080743,1058.6
52.875049,-118.080743,1058.6
52.875049,-118.080743,1058.6
52.87505,-118.080743,1058.6
52.87505,-118.080742,1058.6
52.87505,-118.080742,1058.6
52.87505,-118.080742,1058.6
52.875051,-118.080741,1058.6
52.875051,-118.080741,1058.6
52.875051,-118.080741,1058.6
52.875051,-118.08074,1058.6
52.875051,-118.08074,1058.6
52.875052,-118.08074,1058.6
52.875052,-118.080739,1058.6
52.875052,-118.080739,1058.6
52.875052,-118.080739,1058.6
52.875053,-118.080738,1058.6
52.875053,-118.080738,1058.6
52.875053,-118.080738,1058.6
52.875053,-118.080737,1058.6
52.875054,-118.080737,1058.6
52.875054,-118.080737,1058.6
52.875054,-118.080736,1058.6
52.875054,-118.080736,1058.6
52.875055,-118.080736,1058.6
52.875055,-118.080736,1058.6
52.875055,-118.080735,1058.6
52.875055,-118.080735,1058.6
52.875067,-118.08074,1058.6
52.875022,-118.080725,1058.7
52.875019,-118.080747,1058.7
52.875019,-118.080754,1058.7
52.875026,-118.08078,1058.7
52.875028,-118.080797,1058.7
52.875041,-118.08076,1058.7
52.875046,-118.080759,1058.7
52.875053,-118.080758,1058.7
52.87506,-118.080756,1058.7
52.875065,-118.080753,1058.7
52.875071,-118.080751,1058.7
52.87508,-118.080746,1058.7
52.875088,-118.080741,1058.7
52.875093,-118.080736,1058.7
52.875098,-118.08073,1058.7
52.875101,-118.080724,1058.7
52.875105,-118.080715,1058.7
52.87511,-118.080706,1058.7
52.875118,-118.080698,1058.7
52.875125,-118.080692,1058.7
52.87513,-118.080689,1058.7
52.875138,-118.080684,1058.7
52.875147,-118.080679,1058.7
52.875161,-118.080671,1058.7
52.87516,-118.080665,1058.7
52.875164,-118.080655,1058.7
52.875171,-118.080645,1058.7
52.87518,-118.080632,1058.7
52.875187,-118.080624,1058.7
52.875199,-118.080606,1058.7
52.875204,-118.080616,1058.7
52.87521,-118.080621,1058.7
52.875227,-118.080607,1058.7
52.875228,-118.080601,1058.7
52.875235,-118.08059,1058.7
52.875245,-118.080562,1058.7
52.875261,-118.080585,1058.7
52.875261,-118.080564,1058.7
52.87526,-118.080541,1058.7
52.87527,-118.080541,1058.7
52.875276,-118.080529,1058.7
52.875286,-118.080529,1058.7
52.875291,-118.080522,1058.7
52.875296,-118.080521,1058.7
52.875301,-118.08052,1058.7
52.875305,-118.080518,1058.7
52.87531,-118.080517,1058.7
52.875315,-118.080516,1058.7
52.87532,-118.080515,1058.7
52.875325,-118.080514,1058.7
52.875337,-118.080517,1058.7
52.875345,-118.080514,1058.7
52.875353,-118.080511,1058.7
52.875361,-118.080508,1058.7
52.875373,-118.08051,1058.7
52.875378,-118.080517,1058.7
52.875383,-118.080524,1058.7
52.875389,-118.080531,1058.7
52.875394,-118.080538,1058.7
52.875401,-118.080524,1058.7
52.875414,-118.080546,1058.7
52.875421,-118.080535,1058.7
52.875427,-118.080518,1058.7
52.875441,-118.080499,1058.7
52.875448,-118.080495,1058.7
52.875456,-118.080498,1058.7
52.875451,-118.080485,1058.7
52.875453,-118.080491,1058.7
52.87545,-118.080494,1058.7
52.875448,-118.080511,1058.7
52.875447,-118.080512,1058.7
52.875436,-118.080517,1058.7
52.875433,-118.08051,1058.7
52.875456,-118.080449,1058.7
52.875459,-118.080438,1058.7
52.875466,-118.08044,1058.7
52.875467,-118.080457,1058.7
52.875473,-118.080466,1058.7
52.875481,-118.080464,1058.7
52.875482,-118.080456,1058.7
52.87549,-118.080465,1058.7
52.875491,-118.080451,1058.7
52.875497,-118.080433,1058.7
52.875497,-118.080439,1058.7
52.875507,-118.080418,1058.7
52.875507,-118.080417,1058.7
52.875504,-118.080431,1058.7
52.875501,-118.080445,1058.7
52.8755,-118.080439,1058.7
52.875495,-118.080471,1058.7
52.8755,-118.080462,1058.7
52.875498,-118.080455,1058.7
52.875508,-118.080449,1058.7
52.875506,-118.080446,1058.7
52.87551,-118.080454,1058.7
52.87551,-118.080445,1058.7
52.875504,-118.080438,1058.7
52.875489,-118.080463,1058.7
52.875475,-118.080492,1058.7
52.875479,-118.080485,1058.7
52.875472,-118.080507,1058.7
52.875479,-118.080511,1058.7
52.875482,-118.080498,1058.7
52.875485,-118.080485,1058.7
52.875488,-118.080473,1058.7
52.875491,-118.08046,1058.7
52.875494,-118.080447,1058.7
52.875508,-118.08045,1058.7
52.875516,-118.080446,1058.6
52.87552,-118.080437,1058.6
52.875526,-118.08043,1058.6
52.875533,-118.080426,1058.6
52.875545,-118.080424,1058.6
52.875549,-118.080421,1058.6
52.875556,-118.080408,1058.6
52.875565,-118.080415,1058.6
52.87557,-118.080413,1058.6
52.875573,-118.080412,1058.6
52.87558,-118.080425,1058.6
52.875587,-118.08043,1058.6
52.875603,-118.080425,1058.6
52.875607,-118.080428,1058.6
52.875615,-118.080423,1058.6
52.875631,-118.080423,1058.6
52.875637,-118.080415,1058.6
52.875643,-118.080407,1058.6
52.875648,-118.080399,1058.6
52.87566,-118.080411,1058.6
52.875671,-118.080412,1058.6
52.875679,-118.080419,1058.6
52.875682,-118.080398,1058.6
52.87569,-118.080389,1058.6
52.875702,-118.080391,1058.6
52.875703,-118.08039,1058.6
52.875708,-118.080381,1058.6
52.875718,-118.080378,1058.6
52.87572,-118.080387,1058.6
52.875726,-118.080369,1058.6
52.875743,-118.080365,1058.6
52.875749,-118.080359,1058.6
52.875755,-118.080354,1058.6
52.875761,-118.080348,1058.6
52.875769,-118.080334,1058.6
52.875773,-118.080314,1058.6
52.875784,-118.080306,1058.6
52.875784,-118.080325,1058.6
52.875784,-118.080303,1058.6
52.875797,-118.08031,1058.6
52.875802,-118.08032,1058.6
52.875815,-118.080305,1058.6
52.875836,-118.080283,1058.6
52.87584,-118.08027,1058.6
52.875845,-118.080258,1058.6
52.875852,-118.080257,1058.6
52.875861,-118.080252,1058.6
52.875871,-118.08025,1058.6
52.875872,-118.080231,1058.6
52.87588,-118.080235,1058.6
52.875891,-118.080241,1058.6
52.875902,-118.080238,1058.6
52.875909,-118.080239,1058.6
52.87591,-118.08027,1058.6
52.875922,-118.080281,1058.7
52.875929,-118.080277,1058.7
52.875936,-118.08027,1058.7
52.875953,-118.080269,1058.7
52.87595,-118.080289,1058.7
52.875958,-118.080285,1058.7
52.875965,-118.080278,1058.7
52.875974,-118.080273,1058.7
52.875983,-118.080286,1058.7
52.875988,-118.080288,1058.7
52.875992,-118.080285,1058.7
52.875993,-118.080277,1058.7
52.876004,-118.080282,1058.7
52.87601,-118.080272,1058.7
52.876013,-118.080288,1058.7
52.876018,-118.080279,1058.7
52.87603,-118.080278,1058.7
52.876037,-118.080276,1058.7
52.876047,-118.080244,1058.7
52.876051,-118.080265,1058.7
52.876056,-118.080246,1058.7
52.876068,-118.080246,1058.7
52.876073,-118.080257,1058.7
52.876073,-118.080257,1058.7
52.876084,-118.080253,1058.7
52.87609,-118.080252,1058.7
52.8761,-118.080272,1058.7
52.876106,-118.080251,1058.7
52.876112,-118.080266,1058.7
52.876117,-118.080255,1058.7
52.876126,-118.080251,1058.7
52.876121,-118.080255,1058.7
52.876126,-118.080249,1058.7
52.876132,-118.080231,1058.7
52.876144,-118.080259,1058.7
52.87616,-118.080231,1058.7
52.876165,-118.080227,1058.7
52.876166,-118.080239,1058.7
52.876178,-118.080236,1058.7
52.876191,-118.080215,1058.7
52.876205,-118.080196,1058.7
52.876211,-118.080189,1058.7
52.876217,-118.080182,1058.7
52.876222,-118.080176,1058.7
52.876232,-118.080174,1058.7
52.876236,-118.080192,1058.7
52.876245,-118.080204,1058.7
52.876245,-118.080212,1058.7
52.876254,-118.080214,1058.7
52.87626,-118.080218,1058.7
52.876261,-118.080193,1058.7
52.876262,-118.080198,1058.7
52.876268,-118.080164,1058.7
52.876273,-118.08013,1058.7
52.876278,-118.080123,1058.7
52.876283,-118.080116,1058.7
52.876288,-118.080109,1058.7
52.876305,-118.080116,1058.8
52.876315,-118.08011,1058.8
52.876325,-118.080105,1058.8
52.876342,-118.080087,1058.8
52.876348,-118.080088,1058.8
52.876354,-118.080089,1058.8
52.87636,-118.08009,1058.8
52.876366,-118.080097,1058.8
52.876374,-118.080076,1058.8
52.876378,-118.080099,1058.8
52.876388,-118.080097,1058.8
52.87639,-118.080117,1058.8
52.876402,-118.080141,1058.8
52.876413,-118.080147,1058.8
52.876418,-118.080146,1058.8
52.876428,-118.080153,1058.8
52.876434,-118.080166,1058.8
52.876441,-118.08017,1058.8
52.876448,-118.08016,1058.8
52.876455,-118.080166,1058.8
52.876465,-118.08015,1058.8
52.876473,-118.080138,1058.8
52.876474,-118.080146,1058.8
52.876486,-118.080145,1058.8
52.876497,-118.080138,1058.8
52.876502,-118.080123,1058.8
52.876509,-118.080124,1058.8
52.876513,-118.080121,1058.8
52.87653,-118.080133,1058.8
52.876529,-118.080137,1058.8
52.876528,-118.080135,1058.8
52.876542,-118.080115,1058.8
52.876563,-118.080092,1058.8
52.876571,-118.080089,1058.8
52.876579,-118.080087,1058.8
52.876587,-118.080084,1058.8
52.876595,-118.080081,1058.8
52.876603,-118.080079,1058.8
52.876617,-118.08011,1058.8
52.876623,-118.080129,1058.8
52.876626,-118.080146,1058.8
52.876634,-118.08014,1058.8
52.876634,-118.080143,1058.8
52.876643,-118.080145,1058.8
52.876646,-118.080152,1058.8
52.876654,-118.080154,1058.8
52.876663,-118.080159,1058.8
52.876672,-118.08016,1058.8
52.876679,-118.080163,1058.8
52.87669,-118.080153,1058.8
52.876695,-118.080157,1058.8
52.876708,-118.080151,1058.8
52.876718,-118.080148,1058.8
52.876725,-118.080143,1058.9
52.876745,-118.080137,1058.9
52.87675,-118.080132,1058.9
52.876756,-118.080127,1058.9
52.876762,-118.080124,1058.9
52.876771,-118.080123,1058.8
52.876778,-118.080121,1058.8
52.87679,-118.08012,1058.8
52.876806,-118.080123,1058.8
52.876811,-118.080118,1058.8
52.876818,-118.080116,1058.8
52.876827,-118.080114,1058.8
52.876835,-118.08011,1058.8
52.876842,-118.080108,1058.8
52.876851,-118.080105,1058.8
52.876859,-118.0801,1058.8
52.876867,-118.080095,1058.8
52.876874,-118.080091,1058.8
52.876883,-118.08009,1058.8
52.876899,-118.080087,1058.7
52.876907,-118.080083,1058.7
52.876915,-118.080078,1058.7
52.876923,-118.080074,1058.7
52.876932,-118.080066,1058.7
52.876937,-118.080064,1058.7
52.876941,-118.080061,1058.7
52.876946,-118.080058,1058.7
52.876951,-118.080056,1058.7
52.876956,-118.080053,1058.7
52.87696,-118.08005,1058.7
52.87697,-118.080047,1058.7
52.876965,-118.080024,1058.7
52.876974,-118.080004,1058.7
52.876984,-118.080021,1058.7
52.876998,-118.079987,1058.7
52.87701,-118.080007,1058.7
52.877012,-118.079972,1058.7
52.877019,-118.079996,1058.7
52.87703,-118.079959,1058.7
52.877046,-118.079926,1058.7
52.877051,-118.079897,1058.7
52.877045,-118.079914,1058.7
52.877048,-118.07989,1058.7
52.877055,-118.079886,1058.7
52.877047,-118.079863,1058.7
52.877054,-118.079846,1058.7
52.877061,-118.079835,1058.7
52.877083,-118.079872,1058.7
52.877093,-118.079884,1058.7
52.877111,-118.079898,1058.8
52.877128,-118.079899,1058.8
52.877138,-118.079894,1058.8
52.877148,-118.07989,1058.8
52.877156,-118.079872,1058.8
52.877167,-118.079852,1058.8
52.877173,-118.079868,1058.8
52.87717,-118.079861,1058.8
52.877185,-118.07983,1058.8
52.877198,-118.079845,1058.8
52.877199,-118.079826,1058.8
52.8772,-118.079871,1058.8
52.877216,-118.079871,1058.8
52.877213,-118.079832,1058.8
52.877227,-118.079838,1058.8
52.877236,-118.079833,1058.8
52.877246,-118.079849,1058.8
52.877256,-118.079866,1058.8
52.877267,-118.079883,1058.8
52.877285,-118.079893,1058.8
52.877292,-118.079893,1058.8
52.877294,-118.079879,1058.8
52.8773,-118.07988,1058.8
52.877308,-118.07986,1058.8
52.877322,-118.079866,1058.8
52.877335,-118.079911,1058.9
52.877342,-118.079919,1058.9
52.87735,-118.079916,1058.9
52.877358,-118.079911,1058.9
52.877365,-118.079907,1058.9
52.877371,-118.079893,1058.9
52.877385,-118.079874,1058.9
52.877392,-118.079863,1058.9
52.877399,-118.079852,1058.9
52.877398,-118.079836,1058.9
52.877406,-118.079823,1058.9
52.87741,-118.079829,1058.9
52.877415,-118.079806,1058.9
52.877422,-118.079815,1058.9
52.877428,-118.079807,1058.9
52.877434,-118.079799,1058.9
52.87744,-118.079791,1058.9
52.877446,-118.079783,1058.9
52.877451,-118.079776,1058.9
52.877466,-118.079743,1058.9
52.877473,-118.079722,1058.9
52.877473,-118.079756,1058.9
52.87747,-118.079748,1058.9
52.87748,-118.07978,1058.9
52.877505,-118.079837,1058.9
52.877524,-118.079847,1058.9
52.877534,-118.079855,1058.9
52.87755,-118.079864,1058.9
52.877554,-118.079868,1058.9
52.877563,-118.07987,1058.9
52.877565,-118.079872,1058.9
52.877573,-118.079856,1059.0
52.877581,-118.079846,1059.0
52.877591,-118.079841,1059.0
52.8776,-118.07985,1059.0
52.877601,-118.079842,1059.0
52.877608,-118.07985,1059.0
52.877612,-118.079846,1059.0
52.877618,-118.079841,1059.0
52.877627,-118.079835,1059.0
52.877632,-118.079831,1059.0
52.877641,-118.079821,1059.0
52.877654,-118.079811,1059.0
52.877656,-118.079812,1059.0
52.877663,-118.079796,1059.0
52.877671,-118.079795,1059.0
52.877676,-118.079792,1059.0
52.877683,-118.079788,1059.0
52.87768,-118.079803,1059.0
52.877689,-118.079802,1059.0
52.877692,-118.079798,1059.0
52.877706,-118.079812,1059.0
52.877713,-118.079794,1059.0
52.877725,-118.079782,1059.0
52.877732,-118.079793,1059.0
52.877738,-118.079787,1059.0
52.877745,-118.079786,1059.0
52.877754,-118.07979,1059.0
52.877764,-118.079794,1059.0
52.877769,-118.07977,1059.0
52.877772,-118.079762,1059.1
52.877778,-118.079769,1059.1
52.87778,-118.079761,1059.1
52.877791,-118.079756,1059.1
52.8778,-118.079766,1059.1
52.877801,-118.079736,1059.1
52.87781,-118.079753,1059.1
52.877816,-118.079732,1059.1
52.877827,-118.079754,1059.1
52.877834,-118.079737,1059.1
52.877841,-118.07974,1059.1
52.877847,-118.079734,1059.1
52.877857,-118.079731,1059.1
52.877872,-118.079728,1059.1
52.87788,-118.079728,1059.1
52.877888,-118.079727,1059.1
52.877895,-118.079726,1059.1
52.877911,-118.079721,1059.1
52.877918,-118.079718,1059.1
52.877924,-118.079715,1059.1
52.877931,-118.079712,1059.1
52.877939,-118.079703,1059.1
52.877945,-118.079705,1059.1
52.877954,-118.079693,1059.1
52.87796,-118.079676,1059.1
52.87797,-118.079682,1059.1
52.877972,-118.079679,1059.1
52.877979,-118.079698,1059.1
52.877985,-118.079691,1059.1
52.87799,-118.079686,1059.1
52.878,-118.079705,1059.1
52.878,-118.079714,1059.1
52.878001,-118.079723,1059.1
52.878002,-118.079732,1059.1
52.878002,-118.079741,1059.1
52.878003,-118.07975,1059.1
52.878003,-118.079759,1059.1
52.878004,-118.079768,1059.1
52.878005,-118.079777,1059.1
52.878011,-118.07976,1059.1
52.878016,-118.079753,1059.1
52.87802,-118.079746,1059.1
52.878025,-118.079739,1059.1
52.878029,-118.079732,1059.1
52.878034,-118.079725,1059.1
52.878032,-118.079755,1059.1
52.87804,-118.079737,1059.2
52.87805,-118.079738,1059.2
52.878058,-118.079731,1059.2
52.878065,-118.079733,1059.2
52.878062,-118.079725,1059.2
52.878077,-118.079738,1059.2
52.878082,-118.079741,1059.2
52.878092,-118.07972,1059.2
52.878125,-118.079711,1059.2
52.878119,-118.079739,1059.2
52.878107,-118.079714,1059.2
52.878108,-118.07969,1059.2
52.878114,-118.079681,1059.2
52.878123,-118.079689,1059.2
52.878129,-118.079675,1059.2
52.87813,-118.079669,1059.2
52.878132,-118.079656,1059.2
52.878137,-118.079654,1059.2
52.878151,-118.079655,1059.2
52.878159,-118.079667,1059.2
52.878159,-118.079665,1059.2
52.878162,-118.079661,1059.2
52.878164,-118.079634,1059.2
52.87817,-118.07963,1059.2
52.87816,-118.079639,1059.3
52.878165,-118.079653,1059.3
52.878189,-118.079673,1059.3
52.878193,-118.079653,1059.3
52.878202,-118.079653,1059.3
52.878222,-118.079655,1059.3
52.878232,-118.079672,1059.3
52.878241,-118.079669,1059.3
52.878252,-118.079674,1059.3
52.878257,-118.079658,1059.3
52.878263,-118.079658,1059.3
52.878272,-118.079664,1059.3
52.878277,-118.079646,1059.3
52.878296,-118.079665,1059.3
52.878301,-118.079662,1059.3
52.878307,-118.07966,1059.3
52.878313,-118.079657,1059.3
52.878318,-118.079655,1059.3
52.878332,-118.079629,1059.3
52.87834,-118.079613,1059.3
52.878347,-118.079613,1059.3
52.878353,-118.0796,1059.3
52.878363,-118.079614,1059.3
52.878373,-118.079595,1059.3
52.878375,-118.079583,1059.3
52.878385,-118.079587,1059.3
52.878396,-118.079585,1059.3
52.878398,-118.079561,1059.3
52.878413,-118.079548,1059.3
52.878423,-118.079536,1059.3
52.87843,-118.079551,1059.3
52.878437,-118.079554,1059.3
52.878443,-118.079557,1059.3
52.87845,-118.07956,1059.3
52.878456,-118.079563,1059.3
52.878468,-118.079555,1059.3
52.878476,-118.079521,1059.3
52.878484,-118.079542,1059.3
52.878498,-118.079545,1059.3
52.878507,-118.079551,1059.3
52.878509,-118.07954,1059.3
52.878515,-118.079544,1059.3
52.878514,-118.079557,1059.3
52.878513,-118.079543,1059.3
52.878525,-118.079522,1059.4
52.878527,-118.079515,1059.4
52.878534,-118.079523,1059.4
52.87855,-118.079518,1059.4
52.878555,-118.079511,1059.4
52.878558,-118.0795,1059.4
52.878567,-118.079503,1059.4
52.878576,-118.079491,1059.4
52.878583,-118.07952,1059.4
52.878598,-118.079516,1059.4
52.878608,-118.079519,1059.4
52.878619,-118.079522,1059.4
52.878629,-118.079525,1059.4
52.878632,-118.079496,1059.4
52.878636,-118.079477,1059.4
52.87864,-118.079459,1059.4
52.878645,-118.07944,1059.4
52.878657,-118.079444,1059.4
52.878663,-118.079446,1059.4
52.87867,-118.079447,1059.4
52.878676,-118.079449,1059.4
52.878683,-118.079451,1059.4
52.878691,-118.079431,1059.4
52.878699,-118.079462,1059.4
52.87871,-118.079474,1059.4
52.87872,-118.079492,1059.4
52.878729,-118.079513,1059.4
52.87874,-118.079511,1059.4
52.878744,-118.079519,1059.4
52.878753,-118.079516,1059.4
52.878759,-118.079531,1059.4
52.878772,-118.079514,1059.4
52.878777,-118.079518,1059.4
52.878784,-118.079495,1059.4
52.878789,-118.079488,1059.4
52.878803,-118.079467,1059.4
52.878806,-118.079448,1059.4
52.878809,-118.07943,1059.4
52.878817,-118.079458,1059.5
52.878829,-118.079462,1059.5
52.878839,-118.079464,1059.5
52.878857,-118.079448,1059.5
52.87887,-118.079474,1059.5
52.878879,-118.079452,1059.5
52.878886,-118.079467,1059.5
52.8789,-118.079449,1059.5
52.878905,-118.079452,1059.5
52.878912,-118.079433,1059.5
52.878923,-118.079442,1059.5
52.878929,-118.079436,1059.5
52.878933,-118.079434,1059.5
52.878936,-118.079436,1059.5
52.878943,-118.079427,1059.5
52.87895,-118.07943,1059.5
52.878946,-118.07945,1059.5
52.878955,-118.079451,1059.5
52.878968,-118.079453,1059.5
52.87898,-118.079432,1059.5
52.878989,-118.079437,1059.5
52.879003,-118.079432,1059.5
52.87901,-118.079441,1059.5
52.87902,-118.07942,1059.5
52.879036,-118.079429,1059.5
52.879045,-118.079446,1059.5
52.879054,-118.079443,1059.5
52.879059,-118.079455,1060.0
52.87907,-118.079451,1060.0
52.879065,-118.079469,1060.0
52.879072,-118.079485,1060.0
52.879073,-118.079515,1060.0
52.879075,-118.07953,1060.0
52.87907,-118.079548,1060.0
52.87908,-118.079573,1060.1
52.879086,-118.079584,1060.1
52.879097,-118.079597,1060.1
52.879098,-118.079617,1060.1
52.879104,-118.079625,1060.1
52.879101,-118.079635,1060.1
52.879104,-118.079645,1060.1
52.879108,-118.079661,1060.1
52.879112,-118.079673,1060.1
52.879114,-118.079683,1060.2
52.87912,-118.079702,1060.2
52.879124,-118.079716,1060.2
52.879122,-118.079732,1060.2
52.87913,-118.079748,1060.2
52.879107,-118.079749,1060.2
52.879114,-118.079768,1060.2
52.879143,-118.079794,1060.3
52.879137,-118.079792,1060.3
52.879151,-118.079801,1060.3
52.87914,-118.079802,1060.3
52.87913,-118.079811,1060.3
52.879126,-118.079809,1060.3
52.879126,-118.079813,1060.3
52.879118,-118.079812,1060.3
52.879116,-118.07981,1060.3
52.879106,-118.079805,1060.3
52.879101,-118.079811,1060.3
52.879095,-118.079807,1060.4
52.879103,-118.07982,1060.4
52.879094,-118.079812,1060.4
52.879097,-118.079816,1060.4
52.879091,-118.07978,1060.4
52.879094,-118.079801,1060.4
52.879093,-118.079815,1060.4
52.879093,-118.079829,1060.4
52.879092,-118.079844,1060.4
52.879091,-118.079858,1060.4
52.879091,-118.079873,1060.5
52.879097,-118.079869,1060.5
52.879084,-118.079877,1060.5
52.879081,-118.079877,1060.5
52.879081,-118.079877,1060.5
52.879081,-118.079877,1060.5
52.879107,-118.079851,1060.5
52.879099,-118.079853,1060.5
52.879102,-118.079862,1060.5
52.879102,-118.079862,1060.5
52.879083,-118.079852,1060.5
52.879083,-118.079851,1060.5
52.879083,-118.079851,1060.5
52.879083,-118.079851,1060.5
52.879083,-118.079851,1060.5
52.879083,-118.079851,1060.5
52.879104,-118.07985,1060.6
52.879097,-118.079852,1060.6
52.879104,-118.079858,1060.6
52.879104,-118.079858,1060.6
52.879104,-118.079858,1060.6
52.879104,-118.07986,1060.6
52.879104,-118.079859,1060.6
52.879104,-118.079859,1060.6
52.879104,-118.079859,1060.6
52.879104,-118.079859,1060.6
52.879104,-118.079859,1060.6
52.879104,-118.079859,1060.6
52.879104,-118.079859,1060.6
52.879104,-118.079859,1060.6
52.879104,-118.079859,1060.6
52.879104,-118.079859,1060.6
52.879104,-118.079859,1060.6
52.879104,-118.079859,1060.6
52.879104,-118.079859,1060.6
52.879104,-118.079859,1060.6
52.879104,-118.079859,1060.6
52.879104,-118.079859,1060.6
52.879104,-118.079859,1060.6
52.879104,-118.079859,1060.6
52.879104,-118.079859,1060.6
52.879104,-118.079859,1060.6
52.879104,-118.079859,1060.6
52.879104,-118.079859,1060.6
52.879104,-118.079859,1060.6
52.879104,-118.079859,1060.6
52.879104,-118.079859,1060.6
52.879104,-118.079859,1060.6
52.879104,-118.079859,1060.6
52.879104,-118.079859,1060.6
52.879104,-118.079859,1060.6
52.879104,-118.079859,1060.6
52.879104,-118.079859,1060.6
52.879104,-118.079859,1060.6
52.879104,-118.079859,1060.6
52.879104,-118.079859,1060.6
52.879104,-118.079859,1060.6
52.879104,-118.079859,1060.6
52.879104,-118.079859,1060.6
52.879094,-118.079849,1060.6
52.879094,-118.079849,1060.6
52.879088,-118.079829,1060.6
52.879089,-118.079829,1060.6
52.879097,-118.079814,1060.6
52.879102,-118.079817,1060.6
52.879107,-118.079825,1060.6
52.879108,-118.07985,1060.6
52.879111,-118.079846,1060.6
52.879183,-118.079766,1060.7
52.879088,-118.079917,1061.0
52.879088,-118.079917,1061.0
52.87911,-118.079902,1061.0
52.879143,-118.079878,1061.0
52.879119,-118.079839,1061.0
52.879119,-118.079838,1061.0
52.879114,-118.079838,1061.0
52.879118,-118.079816,1061.0
52.879102,-118.07981,1061.0
52.879121,-118.079815,1061.0
52.879139,-118.079803,1061.0
52.879158,-118.079783,1061.5
52.879161,-118.079769,1061.5
52.879172,-118.079768,1061.5
52.879183,-118.079755,1061.5
52.879193,-118.079754,1061.5
52.879204,-118.079744,1061.5
52.879212,-118.079733,1061.5
52.87922,-118.079721,1061.5
52.879228,-118.07971,1061.5
52.879236,-118.079698,1061.5
52.879242,-118.079681,1061.5
52.879246,-118.079666,1061.5
52.879249,-118.079652,1061.5
52.879252,-118.079638,1061.5
52.879261,-118.079603,1061.4
52.879267,-118.079593,1061.4
52.879273,-118.079582,1061.4
52.87927,-118.079562,1061.3
52.879256,-118.079542,1061.2
52.879253,-118.079527,1061.2
52.879253,-118.079514,1061.2
52.879253,-118.079501,1061.2
52.879253,-118.079487,1061.1
52.879253,-118.079474,1061.1
52.879253,-118.079461,1061.1
52.879266,-118.079464,1061.0
52.879253,-118.079438,1061.0
52.879265,-118.079438,1060.9
52.879255,-118.079403,1060.8
52.879262,-118.079425,1060.8
52.879267,-118.079442,1060.7
52.879271,-118.079458,1060.7
52.879276,-118.079475,1060.7
52.87929,-118.07949,1060.6
52.879297,-118.07949,1060.6
52.879302,-118.079489,1060.6
52.879301,-118.079487,1060.6
52.879301,-118.079487,1060.6
52.879288,-118.079479,1060.5
52.87928,-118.07948,1060.5
52.879278,-118.079466,1060.5
52.87928,-118.079457,1060.4
52.879292,-118.079443,1060.4
52.879289,-118.079425,1060.4
52.879305,-118.079383,1059.3
52.879309,-118.07936,1059.3
52.879317,-118.079416,1059.3
52.879321,-118.079399,1059.3
52.879326,-118.079388,1059.3
52.879333,-118.07938,1059.3
52.879337,-118.079383,1059.3
52.879346,-118.079398,1059.2
52.879355,-118.079409,1059.2
52.879359,-118.079394,1059.2
52.87937,-118.079385,1059.2
52.879383,-118.079375,1059.2
52.879387,-118.079394,1059.2
52.87939,-118.079376,1059.2
52.879394,-118.079347,1059.2
52.879399,-118.079331,1059.2
52.879408,-118.07933,1059.2
52.879422,-118.079319,1059.2
52.879429,-118.079307,1059.2
52.879442,-118.079305,1059.2
52.87945,-118.079308,1059.2
52.879458,-118.079311,1059.2
52.879465,-118.079314,1059.2
52.879467,-118.079325,1059.2
52.879477,-118.079317,1059.2
52.879483,-118.079314,1059.2
52.879489,-118.079302,1059.2
52.879498,-118.079309,1059.2
52.879519,-118.079301,1059.1
52.879528,-118.079298,1059.1
52.879536,-118.079296,1059.1
52.879538,-118.079295,1059.1
52.879543,-118.079294,1059.1
52.879553,-118.079296,1059.1
52.879566,-118.079287,1059.1
52.879567,-118.079296,1059.1
52.879576,-118.079294,1059.1
52.879585,-118.07931,1059.1
52.879597,-118.079306,1059.1
52.879599,-118.079303,1059.1
52.87961,-118.079265,1059.1
52.879626,-118.0793,1059.1
52.879632,-118.079317,1059.1
52.879643,-118.079313,1059.1
52.879661,-118.079315,1059.1
52.879668,-118.079311,1059.1
52.87968,-118.079301,1059.1
52.879689,-118.079305,1059.1
52.879699,-118.079305,1059.0
52.879708,-118.079306,1059.0
52.879717,-118.079303,1059.0
52.879724,-118.079303,1059.0
52.879733,-118.0793,1059.0
52.879738,-118.079298,1059.0
52.879746,-118.079296,1059.0
52.879755,-118.079297,1059.0
52.87976,-118.079294,1059.0
52.879768,-118.079288,1059.0
52.879777,-118.079283,1059.0
52.879786,-118.079279,1059.0
52.879792,-118.079277,1059.0
52.879803,-118.079275,1059.0
52.879811,-118.079273,1059.0
52.87982,-118.07927,1059.0
52.879827,-118.079265,1059.0
52.879824,-118.079263,1059.0
52.879825,-118.079258,1059.0
52.879839,-118.079256,1059.0
52.87985,-118.079252,1059.0
52.879859,-118.079251,1059.0
52.879865,-118.079247,1059.0
52.87987,-118.079245,1059.0
52.879883,-118.079238,1059.0
52.87989,-118.079237,1059.0
52.879897,-118.079235,1059.0
52.879904,-118.079233,1059.0
52.879912,-118.079232,1059.0
52.879916,-118.07923,1059.0
52.879914,-118.079224,1059.0
52.87993,-118.079223,1059.0
52.879937,-118.079223,1059.0
52.879943,-118.079221,1059.0
52.879951,-118.079215,1059.0
52.879957,-118.079203,1059.0
52.879963,-118.079192,1059.0
52.879969,-118.07918,1059.0
52.879979,-118.079183,1059.0
52.87999,-118.079167,1059.0
52.879995,-118.07915,1059.0
52.880006,-118.079136,1059.0
52.880009,-118.079154,1059.0
52.880013,-118.079175,1059.0
52.880026,-118.079156,1059.0
52.880024,-118.079181,1058.9
52.880029,-118.079169,1058.9
52.880039,-118.07917,1058.9
52.880047,-118.079157,1058.9
52.880055,-118.079145,1058.9
52.88006,-118.079143,1058.9
52.880066,-118.079141,1058.9
52.880073,-118.079142,1058.9
52.880071,-118.079131,1058.9
52.88008,-118.079145,1058.9
52.88009,-118.079151,1058.9
52.880105,-118.079163,1058.9
52.880111,-118.079168,1058.9
52.880117,-118.079173,1058.9
52.880123,-118.079179,1058.9
52.880132,-118.079184,1058.9
52.880147,-118.07918,1058.9
52.880159,-118.079184,1058.9
52.880159,-118.079188,1058.9
52.880178,-118.079183,1058.9
52.880179,-118.079144,1058.9
52.88019,-118.079152,1058.9
52.880196,-118.079164,1058.9
52.880204,-118.079141,1058.9
52.880204,-118.079145,1058.9
52.880215,-118.07915,1058.9
52.880218,-118.079159,1058.9
52.880232,-118.079144,1058.9
52.880233,-118.079149,1058.9
52.880243,-118.079138,1058.9
52.880247,-118.079134,1058.9
52.88026,-118.079126,1058.9
52.88027,-118.079112,1058.9
52.880277,-118.079138,1058.9
52.880295,-118.079124,1058.9
52.880296,-118.079139,1058.9
52.880308,-118.079147,1058.9
52.880317,-118.079165,1058.9
52.880325,-118.079127,1058.9
52.880337,-118.079126,1058.9
52.880347,-118.079095,1058.9
52.880366,-118.079078,1058.9
52.880374,-118.079077,1058.9
52.880382,-118.079075,1058.9
52.880388,-118.079075,1058.9
52.880396,-118.079079,1058.9
52.880406,-118.079073,1058.9
52.880417,-118.079068,1058.9
52.880432,-118.079042,1058.9
52.880438,-118.079034,1058.9
52.880443,-118.079027,1058.9
52.880454,-118.079049,1058.9
52.880458,-118.079053,1058.8
52.880463,-118.079046,1058.8
52.880471,-118.079036,1058.8
52.880492,-118.079047,1058.8
52.880501,-118.079048,1058.8
52.88051,-118.079048,1058.8
52.880517,-118.079032,1058.8
52.880526,-118.079035,1058.8
52.88054,-118.07903,1058.8
52.880537,-118.07903,1058.8
52.880525,-118.079047,1058.8
52.880522,-118.079064,1058.8
52.880533,-118.079077,1058.8
52.880543,-118.079075,1058.8
52.880553,-118.079074,1058.8
52.880563,-118.079072,1058.8
52.880577,-118.079068,1058.8
52.880585,-118.079071,1058.8
52.880593,-118.079074,1058.8
52.880601,-118.079076,1058.8
52.880604,-118.079076,1058.8
52.880617,-118.079081,1058.8
52.880624,-118.079062,1058.8
52.880628,-118.079068,1058.8
52.880653,-118.079037,1058.8
52.880659,-118.079021,1058.9
52.880674,-118.079021,1058.9
52.880686,-118.079011,1058.9
52.880693,-118.07901,1058.9
52.880709,-118.078985,1058.9
52.880719,-118.078959,1058.9
52.880724,-118.07895,1058.9
52.88073,-118.078942,1058.9
52.880735,-118.078933,1058.9
52.880738,-118.078961,1058.9
52.880752,-118.078956,1058.9
52.880766,-118.078959,1058.9
52.88078,-118.078961,1058.9
52.880784,-118.07897,1058.9
52.880788,-118.078978,1058.9
52.880791,-118.078987,1058.9
52.880795,-118.078996,1058.9
52.880799,-118.079004,1058.9
52.880807,-118.079008,1058.9
52.880814,-118.079022,1058.9
52.880831,-118.07902,1058.9
52.880845,-118.079005,1058.9
52.880845,-118.079029,1058.9
52.88085,-118.079028,1058.9
52.880857,-118.079028,1058.9
52.880863,-118.07902,1058.9
52.880882,-118.078981,1058.9
52.880885,-118.078979,1058.9
52.880899,-118.078979,1058.9
52.88091,-118.078972,1058.9
52.880921,-118.078967,1058.9
52.880932,-118.078955,1058.9
52.880943,-118.078959,1058.9
52.88095,-118.078957,1058.9
52.880959,-118.078935,1058.9
52.880963,-118.078947,1058.9
52.880976,-118.078939,1058.9
52.880988,-118.078914,1058.9
52.880998,-118.078928,1058.9
52.881007,-118.078931,1058.9
52.881013,-118.078935,1058.9
52.881017,-118.078913,1058.9
52.881024,-118.078907,1058.9
52.881026,-118.078909,1058.9
52.881039,-118.078915,1058.9
52.881048,-118.078909,1058.9
52.881057,-118.078919,1058.9
52.881073,-118.078919,1058.9
52.881086,-118.078922,1058.9
52.881091,-118.078941,1058.9
52.881097,-118.078936,1058.9
52.881102,-118.078941,1058.9
52.881113,-118.078893,1058.9
52.881122,-118.078863,1058.9
52.881131,-118.07887,1058.9
52.881142,-118.07887,1058.9
52.881156,-118.078866,1058.9
52.881161,-118.078873,1058.9
52.881166,-118.07888,1058.9
52.881171,-118.078887,1058.9
52.881177,-118.078894,1058.9
52.881189,-118.078895,1058.9
52.881197,-118.078888,1058.9
52.881206,-118.07888,1058.9
52.881214,-118.078873,1058.9
52.88123,-118.078833,1058.9
52.881235,-118.07882,1058.9
52.881261,-118.078794,1058.9
52.881266,-118.078794,1058.9
52.88128,-118.07878,1058.9
52.881287,-118.078776,1058.9
52.881295,-118.07878,1058.9
52.881305,-118.078786,1058.9
52.88131,-118.078779,1058.9
52.88132,-118.078794,1058.9
52.881328,-118.078806,1058.9
52.881336,-118.078794,1058.8
52.88134,-118.078799,1058.8
52.881346,-118.078795,1058.8
52.881353,-118.078774,1058.8
52.881366,-118.078794,1058.8
52.881371,-118.078797,1058.8
52.881385,-118.078772,1058.8
52.881399,-118.078789,1058.8
52.881408,-118.078783,1058.8
52.881412,-118.078766,1058.8
52.881421,-118.078777,1058.8
52.881432,-118.078759,1058.8
52.881438,-118.078776,1058.8
52.88145,-118.078775,1058.8
52.881466,-118.078768,1058.8
52.881473,-118.078772,1058.8
52.88148,-118.078776,1058.8
52.881487,-118.07878,1058.8
52.8815,-118.078774,1058.8
52.881507,-118.078756,1058.8
52.881517,-118.07877,1058.8
52.881533,-118.07876,1058.8
52.88154,-118.078762,1058.8
52.881547,-118.078764,1058.8
52.881554,-118.078766,1058.8
52.881562,-118.078752,1058.7
52.881568,-118.078723,1058.7
52.881581,-118.078732,1058.7
52.881596,-118.078732,1058.7
52.881605,-118.078729,1058.7
52.881618,-118.078742,1058.7
52.881625,-118.078736,1058.7
52.881629,-118.078685,1058.7
52.881636,-118.078672,1058.7
52.881643,-118.078667,1058.7
52.881653,-118.078667,1058.7
52.881657,-118.078665,1058.7
52.881671,-118.078636,1058.7
52.88168,-118.078626,1058.7
52.88169,-118.078628,1058.7
52.881699,-118.078636,1058.7
52.881711,-118.078638,1058.7
52.881726,-118.078626,1058.7
52.881737,-118.078602,1058.7
52.881745,-118.078627,1058.7
52.881757,-118.078638,1058.7
52.881768,-118.07864,1058.7
52.881775,-118.078634,1058.7
52.881782,-118.078628,1058.7
52.881789,-118.078623,1058.7
52.881795,-118.078617,1058.7
52.881817,-118.078612,1058.7
52.881826,-118.078611,1058.7
52.881834,-118.078611,1058.7
52.881845,-118.078597,1058.7
52.881857,-118.078625,1058.7
52.881867,-118.078622,1058.7
52.881875,-118.078614,1058.7
52.881889,-118.07862,1058.7
52.881893,-118.078598,1058.7
52.881902,-118.078595,1058.7
52.881913,-118.0786,1058.7
52.881921,-118.078568,1058.7
52.881929,-118.078585,1058.7
52.881934,-118.07857,1058.7
52.881944,-118.078591,1058.7
52.88196,-118.078583,1058.7
52.881969,-118.078576,1058.7
52.881978,-118.078569,1058.7
52.881987,-118.078563,1058.7
52.882,-118.078615,1058.7
52.882009,-118.07863,1058.7
52.882018,-118.078628,1058.7
52.882027,-118.078626,1058.7
52.882036,-118.078625,1058.7
52.882043,-118.078641,1058.7
52.882051,-118.078665,1058.7
52.882067,-118.078652,1058.7
52.882076,-118.078648,1058.7
52.882085,-118.078643,1058.7
52.882095,-118.078662,1058.7
52.882106,-118.07867,1058.7
52.882113,-118.078654,1058.7
52.882129,-118.078645,1058.7
52.882138,-118.078638,1058.7
52.882147,-118.078631,1058.7
52.882152,-118.078631,1058.7
52.88216,-118.07863,1058.7
52.882173,-118.078604,1058.7
52.882174,-118.078616,1058.7
52.882175,-118.078603,1058.7
52.88218,-118.078598,1058.7
52.882195,-118.078589,1058.7
52.882205,-118.078589,1058.7
52.882216,-118.078586,1058.7
52.882227,-118.078581,1058.7
52.882232,-118.07858,1058.7
52.882236,-118.078582,1058.7
52.882242,-118.078569,1058.7
52.882254,-118.078565,1058.7
52.88226,-118.07855,1058.7
52.882261,-118.078545,1058.7
52.882278,-118.07853,1058.7
52.882289,-118.078525,1058.7
52.882303,-118.078528,1058.7
52.88231,-118.078522,1058.7
52.882318,-118.078516,1058.7
52.882325,-118.07851,1058.7
52.882338,-118.078501,1058.7
52.882343,-118.078505,1058.7
52.882345,-118.078482,1058.7
52.882353,-118.078503,1058.7
52.882356,-118.078491,1058.7
52.882357,-118.078513,1058.7
52.882369,-118.078493,1058.7
52.882379,-118.07851,1058.7
52.882388,-118.078509,1058.7
52.882392,-118.078508,1058.7
52.882402,-118.078522,1058.7
52.882413,-118.078509,1058.7
52.882422,-118.078491,1058.7
52.882439,-118.078477,1058.7
52.882443,-118.078451,1058.7
52.882455,-118.078427,1058.7
52.882455,-118.078432,1058.7
52.882463,-118.078442,1058.7
52.882471,-118.078422,1058.7
52.882479,-118.078415,1058.7
52.882499,-118.078414,1058.8
52.88251,-118.078425,1058.8
52.882507,-118.078414,1058.8
52.882518,-118.07843,1058.8
52.882532,-118.078436,1058.8
52.882546,-118.078439,1058.8
52.882553,-118.078435,1058.8
52.882561,-118.078431,1058.8
52.882568,-118.078427,1058.8
52.882598,-118.078424,1058.8
52.882603,-118.078426,1058.8
52.882608,-118.078428,1058.8
52.882617,-118.078408,1058.8
52.882619,-118.078419,1058.8
52.882636,-118.078413,1058.8
52.882631,-118.078462,1058.8
52.882631,-118.078479,1058.8
52.882648,-118.078486,1058.8
52.882659,-118.078474,1058.8
52.88267,-118.078461,1058.8
52.882678,-118.078439,1058.8
52.882685,-118.078427,1058.8
52.882693,-118.078414,1058.8
52.882705,-118.078369,1058.8
52.882699,-118.07838,1058.8
52.882714,-118.078381,1058.8
52.882729,-118.078381,1058.8
52.882737,-118.078385,1058.8
52.882742,-118.078375,1058.8
52.882752,-118.078378,1058.8
52.882758,-118.078362,1058.7
52.882765,-118.078378,1058.7
52.882779,-118.078382,1058.7
52.882793,-118.078356,1058.7
52.882797,-118.078389,1058.7
52.882806,-118.078371,1058.7
52.882818,-118.078376,1058.7
52.882839,-118.078383,1058.7
52.882848,-118.07838,1058.7
52.882858,-118.078377,1058.7
52.882871,-118.078362,1058.7
52.882879,-118.078361,1058.7
52.882886,-118.07836,1058.7
52.882893,-118.078359,1058.7
52.882901,-118.078358,1058.7
52.882908,-118.078371,1058.7
52.882918,-118.078361,1058.7
52.882927,-118.078351,1058.7
52.882936,-118.078341,1058.7
52.882955,-118.078326,1058.7
52.882964,-118.078323,1058.7
52.882972,-118.07832,1058.7
52.882971,-118.078329,1058.7
52.88299,-118.07832,1058.7
52.882988,-118.07832,1058.7
52.883003,-118.07832,1058.6
52.883013,-118.07831,1058.6
52.883029,-118.0783,1058.6
52.883038,-118.078292,1058.6
52.883044,-118.078272,1058.6
52.883052,-118.078265,1058.6
52.883066,-118.078241,1058.6
52.883075,-118.078222,1058.6
52.883085,-118.07822,1058.6
52.883091,-118.078221,1058.6
52.883097,-118.078222,1058.6
52.883103,-118.078223,1058.6
52.883109,-118.078223,1058.6
52.883115,-118.078224,1058.6
52.883105,-118.078222,1058.6
52.883113,-118.078264,1058.6
52.883128,-118.078258,1058.6
52.883132,-118.078252,1058.6
52.883139,-118.07825,1058.6
52.883146,-118.07826,1058.6
52.883152,-118.078251,1058.6
52.883164,-118.078268,1058.6
52.883172,-118.078273,1058.6
52.883177,-118.078276,1058.6
52.883187,-118.078291,1058.6
52.883194,-118.078285,1058.6
52.883202,-118.078291,1058.6
52.883205,-118.078306,1058.6
52.883214,-118.078311,1058.6
52.883218,-118.078305,1058.6
52.883216,-118.078308,1058.6
52.883219,-118.078291,1058.6
52.883213,-118.078285,1058.6
52.883214,-118.078274,1058.6
52.883211,-118.078263,1058.6
52.883212,-118.078266,1058.6
52.883212,-118.078266,1058.6
52.883212,-118.078266,1058.6
